PLAYER,GP,MIN,PTS,FGM,FGA,FG%,3PM,3PA,3P%,FTM,FTA,FT%,OREB,DREB,REB,AST,STL,BLK,TOV,EFF
Kevin Durant,19,35.6,28.6,10.4,19.0,54.8,1.9,4.7,41.1,5.8,6.8,85.4,0.5,7.2,7.6,5.4,0.7,0.6,3.1,30.4
Stephen Curry,19,34.2,28.6,9.4,20.2,46.6,5.5,13.1,42.3,4.3,4.5,94.2,0.5,5.3,5.8,6.8,1.8,0.5,3.3,29.3
Giannis Antetokounmpo,20,32.4,27.0,9.6,18.2,52.6,1.2,4.2,27.7,6.8,10.1,67.2,1.8,10.0,11.8,5.9,1.1,1.8,3.1,32.6
Nikola Jokic,14,32.4,26.4,10.3,17.4,59.3,1.8,4.4,41.0,4.0,5.4,74.7,2.7,10.9,13.6,6.4,1.2,0.9,3.2,36.8
Trae Young,21,33.8,26.0,9.1,19.6,46.5,2.7,6.8,39.4,5.1,5.7,89.2,0.6,3.0,3.6,9.0,0.9,0.1,3.8,24.7
Paul George,20,35.6,25.9,9.5,22.1,42.8,2.9,8.7,33.3,4.1,4.6,89.0,0.5,7.1,7.5,5.2,1.8,0.5,4.2,23.5
DeMar DeRozan,21,35.0,25.8,9.0,18.7,48.3,0.9,2.7,33.9,6.8,7.6,89.9,0.7,4.5,5.2,4.1,1.0,0.4,2.1,23.9
Luka Doncic,15,35.3,25.5,9.5,21.7,44.0,2.6,8.3,31.5,3.9,5.7,68.2,0.7,7.4,8.1,8.1,1.2,0.7,4.3,25.4
Zach LaVine,21,34.7,25.3,9.3,19.3,48.4,2.9,7.5,38.9,3.8,4.3,86.8,0.4,4.8,5.1,3.7,0.5,0.3,2.7,21.8
Jayson Tatum,21,36.6,24.3,8.6,21.8,39.5,2.7,8.4,31.6,4.4,5.5,80.0,1.2,7.3,8.5,3.7,1.0,0.8,2.7,21.3
Anthony Davis,21,35.8,24.2,9.6,18.5,51.7,0.4,2.1,20.5,4.7,6.4,73.1,3.0,7.2,10.1,3.0,1.3,2.3,2.0,28.3
Ja Morant,19,32.6,24.1,8.9,18.8,47.6,1.6,4.6,35.6,4.6,5.9,77.7,1.3,4.3,5.6,6.8,1.6,0.3,3.2,24.0
Devin Booker,20,33.1,23.9,8.8,19.2,45.8,2.5,6.1,41.0,3.8,4.5,85.4,0.9,4.2,5.1,4.7,1.0,0.3,2.8,21.0
Jimmy Butler,17,34.2,23.6,7.9,15.3,51.9,0.4,1.8,20.0,7.4,8.6,85.0,1.6,4.2,5.8,5.3,2.1,0.3,1.9,26.5
Bradley Beal,17,35.9,23.2,8.8,20.1,44.0,1.8,6.4,27.5,3.8,4.1,92.9,0.8,4.4,5.2,5.9,1.1,0.4,3.9,20.3
Karl-Anthony Towns,20,34.5,23.1,8.2,16.2,50.8,2.7,6.1,44.6,4.0,4.8,82.3,2.8,6.3,9.1,3.3,1.2,1.1,3.3,25.6
Donovan Mitchell,19,32.2,22.8,8.5,20.1,42.5,2.9,9.1,32.0,2.9,3.3,87.3,1.1,3.4,4.4,5.1,1.7,0.2,2.9,19.4
Anthony Edwards,20,36.1,22.1,8.3,19.3,43.1,3.1,8.8,34.7,2.4,3.2,75.0,1.6,5.0,6.6,3.5,1.5,0.7,3.4,19.2
Damian Lillard,19,35.9,22.0,7.5,18.7,39.9,2.8,9.4,30.3,4.2,4.6,90.9,0.4,3.4,3.8,7.9,0.7,0.4,2.6,20.5
Tyler Herro,18,33.6,21.8,8.3,18.2,45.4,2.9,7.4,39.8,2.3,2.6,87.2,0.7,5.0,5.7,3.7,0.6,0.1,2.9,18.7
Russell Westbrook,22,36.3,20.6,7.6,17.1,44.6,1.4,4.4,31.3,4.0,5.7,69.0,1.4,7.0,8.4,8.7,1.3,0.2,4.7,23.1
Kristaps Porzingis,13,30.8,20.5,7.2,15.8,45.6,1.8,5.6,32.9,4.2,4.7,88.5,2.5,5.5,8.1,2.0,1.0,1.5,1.5,22.3
Malcolm Brogdon,17,35.0,20.4,7.3,15.9,45.8,2.1,6.2,33.3,3.8,4.2,88.9,1.0,4.8,5.8,5.9,0.6,0.6,2.5,21.9
CJ McCollum,20,35.4,20.4,7.9,18.5,42.8,3.3,8.3,40.0,1.3,1.8,69.4,1.2,3.2,4.4,4.4,1.1,0.7,2.0,17.8
James Harden,20,35.3,20.3,5.8,14.2,40.6,2.7,7.5,36.2,6.1,6.8,89.7,1.0,6.9,7.9,9.4,1.4,0.8,5.0,25.7
Miles Bridges,22,36.2,20.3,7.5,16.5,45.3,2.2,6.8,32.9,3.1,4.1,76.7,1.5,5.9,7.4,3.3,1.3,0.9,1.8,21.4
De'Aaron Fox,21,34.7,20.2,7.7,17.9,42.9,1.1,4.4,25.8,3.8,5.2,72.5,0.6,2.9,3.5,5.6,1.2,0.5,3.0,16.4
OG Anunoby,15,37.3,20.1,7.6,17.7,43.0,2.7,7.5,36.6,2.2,2.7,82.5,1.6,3.8,5.4,2.7,1.5,0.6,1.7,18.2
Shai Gilgeous-Alexander,17,34.8,20.1,7.0,17.4,40.3,2.1,6.9,30.8,4.0,5.0,80.0,0.6,4.6,5.2,4.6,1.1,0.5,2.5,17.6
Fred VanVleet,20,38.2,20.1,7.2,16.4,44.0,3.2,8.2,39.3,2.5,3.0,84.7,0.9,4.2,5.0,6.5,1.7,0.7,3.2,21.2
Jerami Grant,19,32.7,19.7,6.5,15.9,40.9,1.9,5.7,33.3,4.8,5.7,83.5,1.0,3.8,4.8,2.4,1.2,0.9,1.9,16.8
Cole Anthony,16,34.1,19.6,6.7,16.1,41.6,2.8,7.7,36.6,3.4,4.0,85.9,0.6,6.2,6.8,5.9,1.1,0.3,2.9,20.8
LaMelo Ball,22,33.0,19.4,7.1,17.2,41.4,2.7,7.1,37.8,2.5,2.7,90.0,1.5,6.3,7.9,8.0,1.9,0.4,3.1,24.0
D'Angelo Russell,18,31.9,19.3,6.8,16.9,40.1,2.9,8.6,34.2,2.8,3.4,80.6,0.4,3.2,3.6,5.8,0.9,0.8,2.7,16.9
Julius Randle,20,35.0,19.2,6.8,16.4,41.2,1.9,5.6,33.0,3.9,5.1,75.5,1.9,8.3,10.2,5.0,0.7,0.7,3.3,21.6
Andrew Wiggins,20,30.2,19.0,7.1,14.3,49.7,2.0,5.2,37.5,2.9,3.9,73.1,1.2,3.4,4.6,1.6,0.9,0.6,1.8,16.6
Harrison Barnes,19,35.0,19.0,5.8,12.1,47.8,1.9,4.9,39.8,5.5,6.5,84.6,1.4,5.8,7.2,2.4,1.0,0.2,2.1,20.4
Dejounte Murray,18,34.8,18.9,8.1,18.0,44.8,1.2,3.9,31.4,1.6,2.4,67.4,0.8,7.6,8.4,8.1,2.1,0.5,2.4,24.9
Darius Garland,18,34.6,18.7,7.1,15.6,45.4,2.6,7.3,35.1,2.0,2.4,83.7,0.4,2.2,2.6,7.1,1.3,0.1,3.7,17.1
Tyrese Maxey,20,35.9,18.5,7.0,14.2,49.1,1.3,3.3,38.5,3.4,3.8,88.2,0.3,3.3,3.6,4.9,0.8,0.6,1.4,19.3
Jonas Valanciunas,22,31.5,18.5,7.0,14.0,50.3,1.0,2.3,46.0,3.3,3.9,85.9,3.3,9.0,12.3,2.4,0.5,0.9,2.1,25.0
Bam Adebayo,17,32.8,18.4,6.8,13.2,51.3,0.0,0.1,0.0,4.9,6.4,76.9,2.5,7.5,10.0,3.0,1.2,0.4,2.8,22.2
Jordan Poole,20,30.2,18.1,6.6,14.6,44.9,2.7,8.1,33.5,2.3,2.5,91.8,0.3,2.8,3.1,3.4,1.1,0.2,2.4,15.1
Reggie Jackson,20,33.6,17.5,6.6,16.6,39.8,2.9,8.6,33.7,1.4,1.7,82.4,0.6,2.9,3.5,3.8,0.7,0.1,2.0,13.3
Terry Rozier,17,32.4,17.4,6.5,15.4,42.0,2.5,7.5,33.1,2.0,2.4,85.0,0.7,2.9,3.6,3.3,1.3,0.5,1.5,15.4
Domantas Sabonis,22,33.5,17.4,6.7,12.1,55.6,0.8,2.7,28.3,3.1,4.3,72.6,3.1,8.3,11.4,3.8,1.1,0.3,3.0,24.4
Luguentz Dort,18,33.0,17.3,6.0,13.9,43.2,2.3,7.3,32.1,3.0,3.5,85.7,0.8,3.6,4.4,1.9,0.8,0.2,1.7,14.6
Gary Trent Jr.,20,34.4,17.3,6.4,14.7,43.2,2.7,7.1,37.3,2.0,2.1,92.9,0.6,2.5,3.1,1.7,2.1,0.4,1.0,15.0
Buddy Hield,21,29.2,17.3,5.8,14.6,39.7,4.0,10.7,37.8,1.6,2.0,82.9,0.8,3.7,4.4,2.1,0.7,0.2,1.6,14.0
Bojan Bogdanovic,20,30.0,17.1,5.7,12.3,45.9,2.4,6.1,39.7,3.4,3.7,93.2,0.8,3.3,4.1,1.9,0.5,0.1,1.7,15.0
Dennis Schroder,20,33.3,17.1,6.3,14.3,43.9,1.5,4.5,32.2,3.1,3.5,89.9,0.8,3.2,4.0,4.9,1.0,0.1,2.8,15.8
Gordon Hayward,22,33.7,17.0,6.0,13.2,45.9,1.8,4.5,40.4,3.1,3.6,85.0,0.9,4.0,4.9,3.5,0.9,0.5,2.0,17.1
Norman Powell,18,29.1,16.9,5.9,11.7,50.5,2.0,4.5,44.4,3.1,3.8,81.2,0.4,2.1,2.5,1.6,0.9,0.4,1.0,14.8
Montrezl Harrell,20,27.3,16.7,6.2,9.6,64.9,0.1,0.4,28.6,4.2,5.4,77.6,2.8,5.7,8.5,2.1,0.6,0.7,1.2,22.7
John Collins,21,32.1,16.6,6.5,11.4,56.9,1.0,2.7,36.8,2.6,3.3,78.6,1.7,6.2,8.0,2.2,0.8,1.3,1.0,22.1
Christian Wood,19,32.8,16.4,6.3,13.6,46.1,1.5,4.6,33.3,2.4,4.2,56.3,1.8,9.4,11.3,2.4,0.5,0.9,1.9,20.5
Will Barton,17,33.6,16.3,6.4,14.2,45.2,2.4,6.4,37.6,1.1,1.6,66.7,0.6,4.7,5.4,4.3,1.1,0.5,1.7,17.5
Seth Curry,18,33.9,15.8,5.6,11.3,49.5,2.2,5.4,40.8,2.3,2.6,91.3,0.5,2.6,3.1,2.4,0.8,0.1,1.7,14.5
Desmond Bane,20,28.8,15.6,6.0,12.8,47.1,2.5,6.5,38.5,1.1,1.2,91.7,0.5,3.4,3.9,2.0,0.8,0.4,1.4,14.4
Jarrett Allen,17,33.2,15.5,6.4,9.1,69.7,0.1,0.2,25.0,2.7,4.3,63.0,3.5,7.7,11.2,1.8,1.0,0.9,2.0,24.1
Bobby Portis,16,27.9,15.4,6.0,12.3,49.0,2.0,4.5,44.4,1.4,1.8,78.6,2.6,5.8,8.4,1.4,0.7,0.9,1.6,18.6
Scottie Barnes,19,35.3,15.2,6.2,12.7,48.5,0.5,1.5,32.1,2.4,3.3,73.0,3.1,5.2,8.3,3.3,1.1,0.6,2.1,18.9
Jalen Brunson,17,29.2,15.1,5.9,11.9,49.3,1.1,3.3,33.9,2.2,2.7,80.4,0.5,3.9,4.4,5.3,0.9,0.1,1.6,17.5
Keldon Johnson,18,31.2,15.1,5.9,12.8,46.1,1.1,2.8,39.2,2.2,3.3,65.0,1.1,5.4,6.5,2.1,1.0,0.2,1.4,15.3
Jordan Clarkson,20,24.8,15.0,5.4,14.3,37.5,2.5,8.9,28.2,1.8,2.2,83.7,0.7,2.4,3.1,2.1,0.7,0.3,1.4,10.5
Jaren Jackson Jr.,20,26.6,15.0,5.1,12.8,40.0,2.0,6.0,33.3,2.8,3.2,87.3,1.3,4.5,5.7,1.0,0.9,2.0,1.5,14.9
Rudy Gobert,20,31.4,14.9,5.3,7.3,72.4,0.0,0.1,0.0,4.4,6.6,66.4,2.9,11.6,14.5,0.9,1.0,2.2,2.0,27.1
Jrue Holiday,15,30.5,14.8,6.0,13.9,43.1,1.7,5.2,32.1,1.1,1.7,68.0,0.7,3.9,4.6,5.9,1.4,0.4,2.5,16.1
Kelly Oubre Jr.,22,27.0,14.7,5.4,12.3,43.9,2.6,7.0,37.0,1.3,1.9,69.0,1.3,2.8,4.0,0.9,0.8,0.3,0.9,12.4
Spencer Dinwiddie,17,29.6,14.6,5.0,12.4,40.5,2.1,5.7,36.1,2.6,2.8,91.7,0.6,4.4,5.1,5.4,0.3,0.2,1.7,16.3
RJ Barrett,20,32.4,14.6,5.3,13.5,39.4,1.7,5.3,32.1,2.3,3.3,69.2,0.6,5.5,6.0,2.2,0.5,0.3,1.8,12.6
Ricky Rubio,20,29.4,14.6,4.8,13.1,36.6,2.1,5.9,35.6,2.9,3.3,86.4,0.5,3.4,3.9,6.3,1.3,0.2,3.1,14.3
Chris Paul,20,31.9,14.5,5.1,10.7,47.2,1.1,3.2,34.9,3.3,3.9,84.6,0.3,3.8,4.1,10.1,2.0,0.3,2.3,22.4
Evan Mobley,16,33.8,14.5,5.8,11.8,48.9,0.6,1.9,33.3,2.4,3.1,76.0,1.8,6.3,8.1,2.5,0.9,1.8,1.8,19.3
Richaun Holmes,18,27.4,14.4,6.1,8.7,69.4,0.1,0.2,50.0,2.2,2.6,85.1,2.8,7.1,9.8,1.2,0.3,1.0,1.6,22.1
Tim Hardaway Jr.,18,33.3,14.4,5.1,13.3,38.3,2.5,7.3,34.1,1.7,2.3,73.8,0.3,3.6,3.9,2.5,0.9,0.1,0.5,12.5
Carmelo Anthony,22,29.1,14.4,4.9,11.3,43.5,2.8,6.5,42.7,1.8,2.2,81.3,0.7,3.1,3.8,0.9,0.8,0.7,0.8,12.9
Devonte' Graham,19,30.9,14.3,4.8,12.7,37.8,2.7,7.8,34.9,2.0,2.5,79.2,0.7,1.8,2.5,4.7,1.2,0.2,1.9,12.5
Mike Conley,18,28.3,14.3,5.2,10.2,50.5,2.6,5.9,44.3,1.3,1.6,85.7,0.2,1.7,1.9,5.3,1.2,0.3,1.7,15.9
Nickeil Alexander-Walker,22,29.2,14.3,5.2,14.1,37.0,2.1,6.9,30.3,1.7,2.2,79.2,1.2,3.2,4.4,2.6,1.0,0.5,1.5,11.8
Jalen Green,18,30.8,14.0,4.8,12.7,38.2,1.8,6.4,27.8,2.6,3.2,80.7,0.4,2.7,3.1,2.3,0.6,0.2,2.7,9.1
Grayson Allen,21,28.8,13.9,4.7,10.4,45.0,3.2,7.5,42.4,1.3,1.5,90.3,0.5,3.3,3.8,1.4,0.6,0.3,0.6,13.5
LaMarcus Aldridge,19,22.1,13.8,5.9,10.2,58.0,0.5,1.3,37.5,1.6,2.0,78.9,1.5,4.4,5.9,0.8,0.3,1.1,0.7,16.7
Aaron Gordon,19,31.5,13.6,5.3,10.3,51.5,0.9,2.7,34.6,2.0,2.6,76.0,2.1,4.1,6.2,2.2,0.6,0.8,1.5,16.2
Kyle Kuzma,20,32.9,13.5,5.0,11.8,42.1,2.2,6.1,35.5,1.4,2.3,62.2,1.1,8.2,9.2,2.7,0.6,0.7,2.3,16.7
Eric Gordon,16,29.3,13.4,4.8,10.3,46.3,2.2,5.1,43.2,1.8,2.6,68.3,0.2,1.9,2.1,2.4,0.7,0.6,2.1,10.9
Kevin Porter Jr.,16,31.8,13.4,4.6,12.5,37.0,1.8,5.7,31.9,2.4,3.8,62.3,0.9,3.6,4.5,5.8,1.3,0.4,4.3,11.7
Wendell Carter Jr.,21,28.2,13.3,5.1,10.0,51.7,1.5,3.9,39.0,1.5,2.2,67.4,2.1,7.4,9.5,2.3,0.7,0.7,1.4,19.5
Chris Duarte,20,29.6,13.1,5.2,12.5,41.8,2.0,5.5,35.8,0.8,1.1,68.2,0.5,3.8,4.3,2.1,1.0,0.2,1.7,11.2
Evan Fournier,20,28.7,13.1,4.7,11.4,41.4,2.6,6.5,39.5,1.2,1.5,76.7,0.6,2.5,3.0,1.8,0.9,0.2,1.3,10.7
Saddiq Bey,20,32.5,13.1,4.9,13.4,36.3,1.9,6.3,29.4,1.5,2.1,73.2,2.2,4.3,6.5,2.5,1.1,0.2,1.4,12.8
Cade Cunningham,15,31.3,13.0,4.7,14.1,33.5,1.8,7.3,24.5,1.7,2.0,86.7,1.1,5.5,6.5,4.8,1.3,0.5,3.5,12.9
Mikal Bridges,20,34.2,12.9,5.3,9.7,54.4,1.4,3.5,39.1,1.1,1.3,84.0,0.8,3.2,4.0,1.9,1.4,0.6,0.7,15.4
Franz Wagner,21,31.2,12.7,4.9,11.4,42.5,1.4,4.0,36.1,1.6,2.0,78.6,1.4,2.9,4.3,2.3,1.0,0.5,1.0,12.7
Al Horford,18,28.7,12.5,4.6,10.1,45.3,1.2,4.2,28.9,2.2,2.6,84.8,1.7,6.7,8.3,3.3,0.8,1.6,1.2,19.4
Myles Turner,22,28.5,12.4,4.5,8.6,51.6,1.8,4.5,39.4,1.7,2.4,69.8,1.6,6.0,7.6,1.0,0.6,2.8,1.4,18.1
Lonzo Ball,21,34.9,12.3,4.5,10.9,41.5,3.0,7.0,43.2,0.3,0.4,75.0,0.8,4.6,5.4,4.7,1.9,0.7,2.3,16.1
Patty Mills,20,27.9,12.3,4.3,9.3,46.5,3.2,6.4,50.0,0.5,0.6,90.9,0.3,1.5,1.8,2.5,0.5,0.2,0.9,11.4
Kyle Lowry,18,33.9,12.3,4.3,10.3,41.9,1.9,6.2,30.6,1.7,1.9,91.2,0.6,4.4,5.0,7.4,1.2,0.3,3.1,16.9
Devin Vassell,17,25.8,12.2,4.6,9.9,46.7,1.9,4.9,39.3,0.9,1.3,72.7,0.5,3.4,3.9,1.5,1.2,0.7,0.8,13.1
Pat Connaughton,21,28.9,12.1,4.4,8.9,49.7,2.6,6.3,41.4,0.7,1.0,70.0,0.9,4.2,5.1,1.5,1.0,0.4,1.0,14.4
Clint Capela,21,29.6,12.1,5.4,9.1,59.4,0.0,0.0,0.0,1.2,2.4,52.0,3.9,8.8,12.7,1.2,1.0,1.4,0.6,23.0
Jalen Suggs,20,27.7,12.1,4.1,12.2,33.6,1.3,5.1,24.8,2.6,3.4,76.5,0.8,2.7,3.4,3.5,1.2,0.5,3.3,8.4
Derrick Rose,17,22.9,12.0,4.8,10.6,45.0,1.5,3.6,41.9,0.9,1.0,94.1,0.7,2.1,2.8,3.4,1.0,0.6,1.4,12.5
Shake Milton,15,25.8,12.0,4.7,10.2,45.8,0.9,3.0,28.9,1.8,2.0,90.0,0.7,2.6,3.3,3.1,0.5,0.4,1.2,12.3
Jusuf Nurkic,20,24.5,12.0,4.7,8.0,58.1,0.2,0.8,18.8,2.5,3.3,75.8,2.5,8.4,10.9,2.3,1.3,0.6,2.0,20.9
Anfernee Simons,19,22.6,11.9,4.5,9.8,45.7,2.1,5.4,37.9,0.9,1.0,94.7,0.6,2.1,2.7,2.1,0.5,0.1,1.1,10.9
Tyrese Haliburton,19,32.9,11.7,4.6,10.4,44.2,1.5,4.1,37.7,1.1,1.4,76.9,1.1,2.7,3.8,5.2,1.8,0.8,1.8,15.4
Kemba Walker,18,24.5,11.7,4.2,9.8,42.9,2.1,5.1,41.3,1.1,1.4,80.0,0.1,2.4,2.6,3.1,1.1,0.3,1.3,11.4
Cedi Osman,17,22.2,11.6,4.1,8.6,46.9,2.5,5.9,43.0,1.0,1.4,70.8,0.4,2.5,2.9,1.6,0.7,0.2,0.8,11.2
Bogdan Bogdanovic,20,28.2,11.6,4.5,10.0,44.7,2.2,5.5,39.1,0.6,0.7,78.6,0.4,3.2,3.6,2.5,0.7,0.2,0.9,11.9
Cam Reddish,21,22.5,11.5,4.0,9.6,41.3,1.6,4.2,38.2,2.0,2.2,89.1,0.9,2.0,2.8,0.9,1.1,0.2,1.3,9.3
Derrick White,18,31.2,11.4,4.2,10.9,38.6,1.4,4.8,28.7,1.6,1.9,82.9,0.5,2.8,3.3,5.2,1.2,1.0,1.6,13.6
Josh Hart,18,29.9,11.4,4.3,8.4,51.0,0.8,2.3,36.6,2.1,2.4,84.1,1.0,4.9,5.9,3.6,0.9,0.4,1.3,16.4
Monte Morris,19,29.6,11.4,4.9,10.8,45.6,1.3,3.8,32.9,0.3,0.4,62.5,0.3,2.3,2.6,4.2,0.8,0.1,1.4,11.7
Georges Niang,20,25.5,11.4,4.1,9.4,43.3,2.2,5.6,39.3,1.1,1.2,91.7,0.3,2.5,2.8,1.8,0.7,0.3,0.8,10.7
Duncan Robinson,20,28.9,11.3,4.0,10.7,37.1,3.1,9.2,33.9,0.3,0.4,62.5,0.4,3.5,3.9,1.4,0.9,0.3,0.9,10.0
Jae'Sean Tate,19,27.4,11.2,4.4,9.2,48.3,0.7,2.6,26.0,1.7,2.3,74.4,2.1,4.4,6.5,1.9,0.7,0.5,1.9,13.6
Marcus Smart,20,34.9,11.2,3.9,10.0,39.0,1.5,5.1,28.7,1.9,2.5,76.0,0.6,3.5,4.1,5.7,2.1,0.4,1.9,14.8
Josh Giddey,19,29.6,10.8,4.5,11.1,40.3,0.9,3.4,27.7,0.9,1.4,65.4,1.6,5.6,7.3,5.7,1.0,0.6,2.8,15.5
Kentavious Caldwell-Pope,20,29.7,10.8,3.7,8.8,42.0,2.0,5.4,37.4,1.4,1.6,87.1,0.6,3.3,3.8,1.5,1.4,0.4,1.2,11.3
Mo Bamba,20,29.7,10.8,4.3,9.5,45.0,1.4,4.2,33.7,0.9,1.2,70.8,2.5,6.6,9.1,1.8,0.9,2.0,1.5,17.5
Alec Burks,20,22.3,10.5,3.3,7.8,42.6,2.1,4.6,45.1,1.8,2.3,80.0,0.3,3.5,3.8,1.8,1.1,0.3,0.8,11.8
Malik Beasley,20,25.4,10.4,3.7,10.5,34.8,2.6,7.8,32.9,0.6,0.8,68.8,0.4,2.3,2.7,1.5,0.7,0.2,0.6,7.8
Lonnie Walker IV,18,22.6,10.4,3.8,10.3,37.3,1.6,5.4,28.9,1.2,1.4,80.8,0.1,2.9,2.9,2.6,0.7,0.4,1.3,9.0
JaVale McGee,20,16.4,10.2,4.5,6.8,66.2,0.0,0.0,0.0,1.2,1.9,63.2,2.3,5.0,7.3,0.7,0.4,1.0,1.6,14.8
De'Anthony Melton,17,25.3,10.1,3.8,9.5,39.5,1.9,5.1,36.8,0.6,0.8,78.6,0.7,3.1,3.8,2.4,1.5,0.7,1.5,11.1
Furkan Korkmaz,19,25.0,10.1,3.6,9.4,38.0,1.9,5.7,33.3,1.0,1.3,79.2,0.4,2.5,2.9,2.7,0.8,0.2,1.1,9.5
Ivica Zubac,20,24.8,10.1,3.7,5.7,64.9,0.0,0.0,0.0,2.7,3.5,75.7,2.7,5.8,8.5,1.3,0.5,0.9,1.1,17.2
Eric Bledsoe,20,28.4,9.9,3.7,9.0,40.8,0.9,3.3,27.3,1.7,2.0,85.0,0.8,3.6,4.4,3.5,1.4,0.6,2.2,11.9
Terrence Ross,20,25.0,9.9,3.4,8.8,38.6,1.4,4.5,31.5,1.7,2.1,78.6,0.2,1.7,1.9,2.0,0.6,0.2,1.4,7.2
Frank Jackson,20,21.5,9.8,3.4,8.4,40.1,1.7,5.4,30.8,1.4,1.7,82.4,0.3,1.1,1.4,0.8,0.6,0.3,0.9,6.6
Terance Mann,19,28.4,9.7,3.5,7.8,45.0,1.1,2.9,38.2,1.6,1.9,83.3,1.4,3.6,4.9,2.4,0.8,0.1,1.2,12.1
Cameron Payne,15,17.7,9.7,3.3,8.6,38.0,1.1,3.7,29.1,2.1,2.5,81.6,0.3,2.2,2.5,2.9,0.7,0.3,1.5,8.7
Justin Holiday,22,27.7,9.6,3.5,8.7,39.8,2.4,6.6,35.6,0.4,0.5,72.7,0.3,2.5,2.8,1.6,0.5,0.3,1.0,8.5
Luke Kennard,20,27.9,9.6,3.4,8.4,40.5,2.4,5.9,41.0,0.4,0.4,100.0,0.2,3.1,3.3,2.0,0.9,0.1,0.8,10.0
Jeff Green,19,23.3,9.5,3.3,7.2,45.6,0.7,2.6,28.6,2.2,2.7,80.8,0.4,2.2,2.6,1.1,0.3,0.4,0.8,8.6
Josh Richardson,15,25.0,9.5,3.5,7.5,46.9,1.1,3.1,34.0,1.3,1.6,83.3,0.7,2.3,3.0,1.3,0.6,0.6,0.7,9.9
Kevin Huerter,20,25.5,9.4,3.9,8.4,46.1,1.4,4.0,35.0,0.3,0.4,75.0,0.4,3.1,3.4,2.4,0.4,0.2,1.1,10.1
Malik Monk,22,23.9,9.4,3.5,7.8,45.0,1.5,4.5,33.3,0.9,1.0,82.6,0.4,2.2,2.5,2.1,0.7,0.3,1.3,9.2
Immanuel Quickley,20,19.1,9.3,3.0,7.4,40.5,1.7,4.7,36.6,1.6,1.8,91.4,0.4,1.7,2.0,2.5,0.5,0.0,1.0,8.8
Darius Bazley,19,28.5,9.3,3.5,9.8,35.8,1.1,3.9,28.0,1.1,1.9,58.3,1.0,5.8,6.8,1.5,0.6,1.2,1.4,10.8
Davion Mitchell,21,25.4,9.0,3.6,9.6,37.6,1.0,3.9,26.8,0.7,1.1,60.9,0.8,2.0,2.7,3.5,0.7,0.2,1.0,8.8
Damion Lee,15,21.0,8.9,3.3,7.5,43.8,1.3,3.6,35.2,1.1,1.4,81.0,0.3,2.5,2.9,1.2,0.2,0.1,0.7,8.2
Dorian Finney-Smith,18,31.6,8.8,3.2,7.8,41.1,1.7,4.9,34.1,0.7,1.2,61.9,1.8,2.9,4.7,1.2,1.4,0.5,1.0,10.6
Alperen Sengun,18,18.3,8.8,2.9,6.1,48.6,0.5,1.2,40.9,2.4,3.6,66.2,1.4,3.3,4.8,2.5,1.2,0.6,2.1,11.4
T.J. McConnell,22,24.7,8.8,4.0,8.0,50.3,0.3,1.1,29.2,0.5,0.6,76.9,0.8,2.7,3.5,5.0,1.0,0.4,1.2,13.5
Daniel Gafford,17,20.7,8.7,3.8,5.7,66.0,0.0,0.0,0.0,1.2,1.8,66.7,1.9,3.5,5.4,0.9,0.6,2.1,1.0,14.2
Jae Crowder,20,27.9,8.7,3.0,7.9,37.6,1.8,5.4,32.7,1.0,1.2,83.3,0.5,4.2,4.7,1.5,1.3,0.5,0.8,10.7
Daniel Theis,15,23.3,8.6,3.3,6.9,48.5,0.9,3.1,30.4,1.0,1.3,75.0,1.1,3.6,4.7,0.7,0.5,0.5,1.3,9.9
Cameron Johnson,20,22.1,8.5,3.0,7.4,40.5,1.8,4.7,38.7,0.7,1.0,73.7,0.3,2.9,3.2,1.2,0.7,0.2,0.6,8.5
Alex Caruso,20,29.7,8.5,2.8,6.5,43.4,1.0,3.0,33.9,1.9,2.1,90.2,0.9,3.0,3.8,4.1,2.3,0.4,1.4,13.8
Nassir Little,20,22.2,8.4,3.1,6.3,49.2,1.0,3.0,32.2,1.2,1.5,82.8,1.5,3.9,5.3,0.7,0.8,0.7,1.0,11.4
Mike Muscala,15,14.4,8.3,2.6,5.8,44.8,1.6,3.7,43.6,1.5,1.9,79.3,0.4,2.8,3.2,0.6,0.4,0.7,0.5,9.1
Naz Reid,18,15.4,8.2,3.1,6.5,47.0,0.7,2.2,32.5,1.4,1.9,73.5,1.4,2.2,3.6,0.8,0.6,1.1,0.8,9.5
Precious Achiuwa,18,25.7,8.2,3.4,8.8,39.2,0.4,1.3,29.2,0.9,1.6,55.2,2.1,6.0,8.1,1.6,0.5,0.6,1.1,11.8
Draymond Green,19,30.0,8.2,3.2,5.8,55.5,0.3,1.0,31.6,1.4,2.4,60.0,1.2,6.6,7.8,7.8,1.2,0.9,3.1,19.2
Obi Toppin,20,15.3,8.2,3.2,6.0,52.9,0.3,1.7,18.2,1.6,2.1,73.8,1.1,2.6,3.6,1.1,0.3,0.8,0.9,9.7
Patrick Beverley,16,25.4,8.1,3.1,6.7,45.8,1.2,3.5,33.9,0.8,1.1,70.6,1.4,2.9,4.4,4.5,0.9,1.0,1.2,13.7
Trey Lyles,20,16.4,8.0,2.7,6.2,43.1,0.9,3.0,30.5,1.8,2.4,76.6,1.4,2.9,4.3,0.8,0.3,0.2,1.0,8.6
Kyle Anderson,20,21.8,8.0,3.2,7.5,43.0,0.9,2.5,36.7,0.7,0.9,76.5,1.1,4.2,5.3,2.5,0.9,0.4,1.0,11.5
Danilo Gallinari,18,20.2,7.9,2.5,6.6,38.1,1.2,3.4,36.1,1.7,1.8,90.9,0.6,3.0,3.6,1.1,0.6,0.2,0.4,8.7
Josh Jackson,18,19.7,7.7,2.8,6.7,41.3,0.9,3.1,28.6,1.3,1.8,69.7,0.6,2.9,3.6,1.8,0.4,0.4,1.3,8.2
George Hill,20,27.2,7.7,2.9,6.3,45.2,1.0,2.9,34.5,1.0,1.1,95.2,1.0,2.7,3.7,2.6,0.9,0.2,1.1,10.5
Raul Neto,19,20.1,7.7,3.1,6.6,47.2,0.4,1.6,26.7,1.1,1.5,71.4,0.1,1.9,1.9,2.5,0.8,0.1,1.4,7.7
Cody Martin,22,24.6,7.7,2.8,5.9,47.7,0.9,1.9,47.6,1.1,1.6,71.4,1.3,2.9,4.1,2.2,1.3,0.5,0.4,11.9
Brandon Clarke,17,16.1,7.6,3.3,5.4,61.5,0.0,0.5,0.0,1.1,1.6,66.7,1.8,2.7,4.5,1.4,0.4,0.8,0.4,11.6
Grant Williams,21,21.6,7.6,2.6,5.1,51.4,1.5,3.4,43.1,0.9,1.0,90.5,0.7,2.9,3.5,1.1,0.3,0.6,0.5,10.0
Joe Ingles,20,24.7,7.6,2.7,5.9,44.9,1.9,4.8,40.0,0.4,0.5,88.9,0.5,2.6,3.1,3.1,0.6,0.2,1.0,10.2
Jordan Nwora,19,19.2,7.6,2.8,7.2,39.4,1.3,3.7,35.2,0.6,0.7,84.6,0.5,3.0,3.5,1.2,0.2,0.5,1.3,7.3
Royce O'Neale,19,31.0,7.6,2.8,6.1,46.1,1.5,4.2,35.4,0.5,0.8,66.7,0.9,3.8,4.7,2.1,1.7,0.8,1.2,12.2
R.J. Hampton,21,19.1,7.6,2.7,6.7,40.0,1.1,2.7,40.4,1.1,2.0,57.1,0.4,2.8,3.2,2.4,0.5,0.2,1.4,7.5
Isaiah Hartenstein,19,15.7,7.3,3.1,4.7,65.6,0.1,0.1,50.0,1.1,1.6,64.5,1.9,3.2,5.1,1.5,0.9,1.1,1.0,12.6
Jeremiah Robinson-Earl,19,21.4,7.3,2.8,6.3,45.4,1.3,3.1,40.7,0.4,0.6,63.6,1.5,4.0,5.5,0.8,0.6,0.4,0.9,10.2
Bruce Brown,17,24.3,7.3,3.2,6.6,47.8,0.4,1.3,31.8,0.5,0.7,75.0,0.9,3.0,3.9,1.1,1.4,0.5,0.8,9.9
Otto Porter Jr.,18,18.2,7.3,2.5,5.3,46.9,1.6,3.8,42.6,0.7,0.9,75.0,0.8,3.8,4.7,1.1,0.9,0.4,0.7,10.6
Chuma Okeke,15,20.8,7.3,2.7,7.1,37.7,0.7,3.3,22.4,1.2,1.4,85.7,0.7,3.3,4.0,1.1,0.7,0.2,0.8,7.8
Svi Mykhailiuk,21,18.9,7.2,2.6,5.9,44.4,1.1,3.3,34.8,0.9,1.0,90.0,0.6,2.0,2.6,1.1,0.8,0.1,0.7,7.7
Bones Hyland,14,15.4,7.2,2.4,6.8,35.8,1.4,4.5,31.7,0.9,1.0,92.9,0.3,1.7,2.0,1.6,0.7,0.2,0.8,6.6
Jeremy Lamb,16,13.9,7.2,2.2,5.4,40.7,1.2,3.0,39.6,1.6,1.6,100.0,0.1,2.3,2.4,1.1,0.5,0.4,0.5,7.9
Landry Shamet,19,18.3,7.2,2.3,5.9,38.4,1.7,4.4,38.6,0.9,1.2,81.8,0.3,2.2,2.4,1.6,0.3,0.1,0.5,7.3
Hassan Whiteside,20,15.5,7.2,2.9,4.9,58.8,0.0,0.0,0.0,1.5,2.1,70.7,2.1,4.6,6.7,0.2,0.3,1.3,1.1,12.0
Thaddeus Young,15,15.9,7.1,3.4,5.8,58.6,0.0,0.1,0.0,0.3,0.9,35.7,1.6,2.0,3.6,2.9,1.0,0.4,1.2,10.9
Isaiah Stewart,18,24.1,7.0,3.2,6.2,51.8,0.1,0.6,10.0,0.5,0.8,64.3,2.2,5.1,7.3,1.1,0.4,1.2,1.1,12.5
Khem Birch,15,22.9,6.9,2.7,5.3,50.0,0.0,0.4,0.0,1.6,2.2,72.7,3.2,2.5,5.7,1.3,1.0,0.5,0.6,11.5
Mitchell Robinson,17,25.5,6.8,2.8,3.5,79.7,0.0,0.0,0.0,1.3,2.2,57.9,3.1,4.8,7.8,0.8,0.4,1.5,0.6,15.1
Mason Plumlee,20,26.2,6.8,3.0,5.0,59.6,0.0,0.0,0.0,0.9,2.6,34.6,2.6,4.7,7.3,2.8,0.9,1.0,1.2,13.8
P.J. Tucker,20,27.8,6.8,2.6,5.0,52.0,1.2,2.5,46.0,0.5,0.6,81.8,1.8,4.1,5.9,1.6,0.5,0.3,0.9,11.7
Robert Covington,20,26.9,6.8,2.5,5.8,42.2,1.8,4.6,38.0,0.2,0.2,100.0,0.4,4.2,4.6,1.3,1.1,1.1,0.9,10.6
Kenrich Williams,19,20.2,6.8,2.6,5.8,45.0,0.7,2.1,33.3,0.8,1.5,57.1,1.1,2.5,3.5,1.7,0.7,0.2,0.8,8.3
Cory Joseph,20,21.8,6.8,2.4,5.4,43.9,0.6,1.9,29.7,1.5,1.8,83.3,0.4,1.4,1.8,3.5,0.9,0.2,1.4,8.3
Kenyon Martin Jr.,18,15.2,6.7,2.8,5.1,54.3,0.4,1.3,29.2,0.8,1.2,66.7,0.6,2.3,2.9,0.8,0.4,0.5,0.4,8.2
Andre Drummond,19,22.4,6.7,2.7,5.9,45.1,0.0,0.1,0.0,1.3,2.3,58.1,3.3,7.5,10.7,2.2,1.0,1.1,1.8,15.7
Derrick Jones Jr.,17,17.1,6.6,2.5,4.1,60.9,0.2,0.8,28.6,1.5,1.8,83.3,1.3,2.2,3.5,0.5,0.5,0.8,0.4,9.8
Ty Jerome,16,13.2,6.6,2.2,5.8,38.0,1.1,3.6,31.6,1.1,1.4,81.8,0.4,0.9,1.3,1.2,0.8,0.1,0.3,5.9
Larry Nance Jr.,20,19.3,6.6,2.7,4.9,54.6,0.6,1.6,35.5,0.8,1.2,65.2,1.6,3.6,5.1,1.5,0.8,0.5,0.9,11.0
Steven Adams,20,24.3,6.6,2.5,5.0,49.0,0.0,0.0,0.0,1.7,2.4,68.8,3.6,4.5,8.0,2.8,0.8,0.8,1.5,14.2
Dwight Powell,18,20.8,6.4,2.4,4.2,57.9,0.3,0.8,40.0,1.2,1.9,64.7,2.2,2.8,4.9,1.1,0.6,0.7,0.8,10.6
Gary Payton II,19,14.1,6.3,2.5,3.7,67.1,0.5,1.2,39.1,0.9,1.4,63.0,1.1,1.9,3.0,0.8,1.5,0.1,0.4,9.5
Nemanja Bjelica,20,14.3,6.3,2.3,4.9,45.9,0.9,2.4,37.5,0.9,1.1,81.0,0.9,3.0,3.9,1.6,0.8,0.3,1.2,8.7
Deni Avdija,20,21.9,6.2,2.2,5.2,42.7,0.8,2.4,31.3,1.0,1.6,64.5,0.8,4.3,5.1,1.3,0.6,0.8,0.7,9.8
Jaden McDaniels,20,25.3,6.2,2.6,6.2,41.5,0.7,2.7,26.4,0.4,0.6,63.6,1.6,2.9,4.5,0.9,1.0,0.6,1.0,8.3
Tyus Jones,20,16.1,6.2,2.4,4.9,49.0,0.9,2.0,46.2,0.5,0.6,81.8,0.2,2.0,2.1,3.3,0.6,0.1,0.6,9.1
Torrey Craig,22,17.2,6.1,2.4,4.6,51.0,0.6,2.1,29.8,0.8,1.0,77.3,1.4,2.4,3.7,1.0,0.5,0.3,0.6,8.5
Drew Eubanks,18,15.7,6.1,2.2,4.2,52.6,0.0,0.2,0.0,1.7,2.1,78.9,1.3,3.4,4.8,1.6,0.4,0.8,1.3,10.0
Jaxson Hayes,18,12.5,6.1,2.2,4.2,52.0,0.2,0.6,40.0,1.6,2.1,75.7,1.3,2.1,3.4,0.3,0.3,0.7,0.6,7.7
Lou Williams,16,12.9,6.0,2.3,5.9,37.9,0.6,1.6,34.6,0.9,1.1,88.2,0.3,1.2,1.5,1.6,0.5,0.1,0.8,5.1
Moritz Wagner,20,11.0,6.0,1.9,4.3,44.2,1.1,2.9,37.9,1.1,1.5,72.4,0.5,2.1,2.6,0.7,0.1,0.3,0.8,6.0
Reggie Bullock,17,22.9,5.9,2.2,6.2,35.8,1.2,4.4,28.4,0.2,0.4,66.7,0.2,2.6,2.9,0.7,0.3,0.1,0.5,5.3
Chris Boucher,19,13.9,5.9,2.3,5.9,38.1,0.5,2.6,20.0,0.8,1.3,66.7,1.4,2.7,4.1,0.3,0.6,0.7,0.6,6.9
Gary Harris,15,23.7,5.9,2.5,6.8,37.3,0.6,2.8,21.4,0.2,0.3,75.0,0.9,0.9,1.8,1.7,0.6,0.1,1.0,4.7
Ayo Dosunmu,20,16.3,5.9,2.4,5.1,46.5,0.8,1.9,43.2,0.4,0.6,63.6,0.5,1.6,2.1,0.9,0.4,0.2,0.8,5.6
Herbert Jones,19,25.7,5.8,2.5,5.3,46.5,0.3,0.8,31.3,0.6,0.8,75.0,1.2,2.1,3.3,1.7,1.5,0.6,1.2,8.7
DeAndre' Bembry,19,19.4,5.8,2.5,4.4,56.0,0.4,0.9,41.2,0.5,0.9,52.9,0.7,2.4,3.1,1.1,1.0,0.4,0.7,8.3
Kira Lewis Jr.,19,14.8,5.8,2.5,6.5,38.2,0.6,2.6,22.4,0.3,0.4,71.4,0.3,1.5,1.8,2.1,0.5,0.0,1.3,4.7
Derrick Favors,16,16.7,5.8,2.6,5.3,48.8,0.1,0.5,25.0,0.5,0.9,57.1,1.5,3.5,5.0,0.4,0.5,0.1,0.3,8.4
Jarred Vanderbilt,20,21.8,5.7,2.3,4.3,52.3,0.0,0.3,0.0,1.2,1.5,82.8,3.0,4.8,7.7,1.2,1.4,0.8,1.2,13.3
Bryn Forbes,18,13.4,5.7,2.2,4.9,43.8,1.0,2.6,38.3,0.3,0.4,75.0,0.1,1.0,1.1,0.6,0.3,0.1,0.8,3.9
Killian Hayes,15,25.1,5.7,2.0,6.2,32.3,0.9,2.5,36.8,0.7,0.8,91.7,0.7,2.7,3.5,3.8,1.5,0.3,1.7,8.7
Garrett Temple,20,18.6,5.6,1.9,4.8,38.9,1.0,2.8,36.4,0.9,1.1,77.3,0.7,1.9,2.6,1.2,0.9,0.6,1.0,6.6
Jalen McDaniels,20,14.1,5.6,2.0,3.5,56.5,1.0,2.0,48.7,0.7,1.2,60.9,0.7,2.6,3.2,1.0,0.4,0.2,0.6,7.8
Tristan Thompson,15,14.1,5.5,2.3,4.5,50.7,0.0,0.0,0.0,1.0,2.0,50.0,2.4,3.2,5.6,0.7,0.3,0.4,0.7,8.7
JaMychal Green,19,14.9,5.5,2.2,5.0,43.2,0.5,2.2,21.4,0.7,0.9,77.8,1.1,2.6,3.6,0.8,0.8,0.4,1.3,6.8
Javonte Green,21,19.5,5.5,2.1,4.2,49.4,0.5,1.2,40.0,0.9,1.1,75.0,1.4,2.8,4.2,0.6,0.9,0.3,0.8,8.3
Aaron Holiday,20,17.8,5.5,2.2,5.3,41.5,0.6,1.8,34.3,0.5,0.7,76.9,0.2,1.5,1.7,1.9,0.5,0.4,1.3,5.5
Blake Griffin,17,21.7,5.5,2.0,6.3,31.8,0.5,3.3,16.1,0.9,1.4,69.6,1.2,3.7,4.9,2.0,0.5,0.6,0.5,8.3
Kevon Looney,20,18.4,5.5,2.3,4.2,54.2,0.0,0.0,0.0,1.0,1.7,55.9,2.5,4.2,6.6,1.1,0.6,0.8,0.7,11.2
Facundo Campazzo,18,17.5,5.4,1.8,4.3,41.0,1.1,2.9,35.8,0.8,1.0,83.3,0.3,1.4,1.8,2.1,0.9,0.2,1.1,6.6
Gabe Vincent,17,14.3,5.4,1.9,4.5,42.9,0.9,2.6,35.6,0.6,0.7,83.3,0.5,0.9,1.5,1.9,0.5,0.0,0.7,5.9
P.J. Dozier,18,18.9,5.4,2.0,5.5,36.4,0.8,2.7,31.3,0.6,0.7,76.9,0.8,2.7,3.5,1.6,0.6,0.3,0.7,7.1
Frank Ntilikina,15,14.2,5.3,1.8,5.0,36.0,0.9,2.6,35.9,0.8,0.8,100.0,0.2,1.7,1.9,1.5,0.7,0.2,0.7,5.7
Dewayne Dedmon,20,14.2,5.2,1.9,3.2,57.8,0.2,0.2,75.0,1.3,1.6,81.3,1.5,3.4,4.9,0.5,0.4,0.3,0.9,8.6
Caleb Martin,17,16.4,5.1,2.0,4.6,43.0,0.5,1.8,26.7,0.6,1.1,57.9,0.7,2.1,2.8,0.5,0.9,0.5,0.5,6.2
DeAndre Jordan,19,14.3,5.1,2.4,3.3,71.4,0.0,0.0,0.0,0.3,0.5,60.0,1.8,4.4,6.2,0.4,0.4,0.9,0.8,10.9
Armoni Brooks,15,10.1,5.0,1.6,4.3,36.9,1.3,3.7,36.4,0.5,0.5,87.5,0.2,0.9,1.1,0.4,0.5,0.1,0.2,4.1
Ziaire Williams,18,18.6,5.0,1.9,5.4,35.7,0.9,3.6,24.6,0.2,0.3,66.7,0.3,1.3,1.6,0.7,0.4,0.3,0.6,3.8
Avery Bradley,21,22.3,5.0,1.9,5.0,38.1,1.0,3.0,34.9,0.1,0.1,100.0,0.5,2.0,2.5,0.9,0.6,0.2,0.6,5.5
Cody Zeller,19,12.7,4.9,1.6,2.8,58.5,0.0,0.2,0.0,1.7,2.3,74.4,1.7,2.4,4.1,0.8,0.4,0.2,0.6,8.0
Dean Wade,16,22.4,4.8,1.8,4.5,40.3,0.9,2.9,29.8,0.3,0.4,83.3,0.8,2.5,3.3,1.3,0.7,0.1,0.3,7.1
Trey Murphy III,21,15.5,4.8,1.6,4.4,35.5,1.2,3.3,37.7,0.4,0.5,90.0,0.7,1.8,2.4,0.6,0.3,0.2,0.5,5.0
Aleksej Pokusevski,19,14.9,4.8,2.0,5.7,35.2,0.5,2.5,21.3,0.3,0.4,62.5,1.0,3.2,4.2,1.3,0.4,0.4,1.3,6.0
Dwight Howard,19,13.6,4.8,1.6,2.5,66.0,0.3,0.4,71.4,1.3,2.1,61.5,1.3,3.6,4.9,0.4,0.8,0.6,0.9,8.9
Romeo Langford,17,19.0,4.8,1.7,4.4,38.7,0.9,2.1,42.9,0.5,0.6,72.7,0.9,2.2,3.2,0.5,0.4,0.1,0.6,5.5
Dalano Banton,21,12.9,4.7,1.8,3.6,50.7,0.2,0.7,33.3,0.9,1.1,75.0,0.5,1.7,2.1,1.4,0.4,0.2,1.1,5.8
Kent Bazemore,16,21.5,4.6,1.6,4.9,32.9,0.8,2.6,28.6,0.6,0.8,76.9,0.3,1.9,2.1,0.9,1.0,0.3,0.5,4.9
Juan Toscano-Anderson,19,15.5,4.5,1.7,3.4,50.8,0.4,1.4,29.6,0.6,0.7,84.6,0.4,2.2,2.6,2.1,0.7,0.4,0.9,7.6
Ish Smith,16,13.2,4.3,2.0,5.1,39.0,0.1,0.1,50.0,0.2,0.5,37.5,0.1,1.1,1.1,2.3,0.4,0.3,0.9,3.9
Maurice Harkless,16,20.4,4.2,1.6,4.1,38.5,0.6,2.5,22.5,0.5,0.7,72.7,0.2,2.6,2.8,0.6,0.5,0.5,0.4,5.4
David Nwaba,15,11.7,4.1,1.5,3.5,44.2,0.1,0.9,7.7,0.9,1.5,63.6,0.5,2.5,3.1,0.7,0.7,0.3,0.5,5.7
Taurean Prince,18,14.6,4.0,1.4,3.9,35.7,0.7,2.7,27.1,0.5,0.7,75.0,0.5,1.6,2.1,0.8,0.4,0.2,0.6,4.3
Tre Jones,16,8.8,4.0,1.8,3.1,57.1,0.0,0.2,0.0,0.5,0.5,100.0,0.1,0.9,0.9,1.3,0.3,0.0,0.6,4.6
Eric Paschall,18,12.7,3.7,1.3,3.1,41.1,0.5,1.9,25.7,0.7,0.9,70.6,0.7,1.3,2.0,0.8,0.1,0.2,0.6,4.1
Austin Rivers,17,17.5,3.7,1.4,4.3,32.9,0.7,2.6,26.7,0.2,0.4,50.0,0.4,1.1,1.4,0.8,0.5,0.1,0.6,2.9
D.J. Augustin,17,12.4,3.7,1.1,2.8,38.3,0.8,2.1,37.1,0.8,0.9,93.3,0.1,0.6,0.8,1.9,0.2,0.0,1.2,3.6
Tony Bradley,17,13.1,3.6,1.7,3.1,55.8,0.0,0.0,0.0,0.2,0.3,80.0,1.5,2.7,4.2,0.4,0.1,0.6,0.7,6.8
Corey Kispert,18,12.6,3.6,1.3,3.4,39.3,0.4,2.1,21.6,0.4,0.6,72.7,0.4,1.4,1.8,0.6,0.2,0.2,0.4,3.8
Thanasis Antetokounmpo,17,13.5,3.5,1.5,3.2,46.3,0.0,0.3,0.0,0.6,1.0,58.8,1.1,2.2,3.4,0.8,0.5,0.1,0.6,5.6
John Konchar,18,14.5,3.5,1.5,2.9,50.9,0.3,1.1,31.6,0.2,0.4,37.5,1.1,2.6,3.6,1.2,0.6,0.2,0.6,6.7
Nick Richards,17,9.1,3.5,1.5,2.2,65.8,0.0,0.0,0.0,0.5,0.7,75.0,1.0,1.1,2.1,0.2,0.2,0.7,0.7,5.1
Jevon Carter,20,14.1,3.2,1.1,3.7,28.8,0.9,2.9,31.6,0.2,0.2,75.0,0.2,1.5,1.7,1.2,0.4,0.3,0.4,3.7
Keita Bates-Diop,14,13.8,3.1,1.4,3.0,45.2,0.1,0.7,10.0,0.3,0.3,100.0,0.7,2.5,3.2,0.2,0.4,0.4,0.6,5.0
Amir Coffey,15,12.2,3.1,0.7,2.4,30.6,0.5,1.8,29.6,1.1,1.1,94.1,0.2,1.3,1.5,0.7,0.1,0.1,0.3,3.5
Paul Millsap,15,10.9,2.9,1.0,2.9,34.9,0.3,1.4,23.8,0.5,0.7,72.7,0.7,2.6,3.3,0.7,0.2,0.3,0.5,4.9
Justin Robinson,17,11.6,2.8,1.1,3.4,31.6,0.6,2.2,27.0,0.1,0.1,100.0,0.1,0.6,0.8,1.2,0.5,0.0,0.6,2.4
Tomas Satoransky,17,15.9,2.7,1.1,3.3,32.1,0.1,0.7,16.7,0.5,0.6,72.7,0.5,1.4,1.9,2.2,0.4,0.0,0.8,4.1
Sterling Brown,16,11.9,2.7,0.9,3.0,31.3,0.6,2.1,27.3,0.3,0.3,100.0,0.6,2.4,3.1,0.7,0.4,0.1,0.6,4.3
Delon Wright,19,12.8,2.6,0.9,2.7,33.3,0.3,0.9,29.4,0.6,0.8,73.3,0.8,1.7,2.6,1.9,0.6,0.1,0.4,5.5
Malachi Flynn,15,7.7,2.5,1.0,2.8,35.7,0.3,1.1,29.4,0.2,0.3,60.0,0.3,0.9,1.3,0.9,0.5,0.1,0.2,3.2
Aaron Nesmith,17,9.2,2.5,0.9,3.0,31.4,0.5,2.2,21.1,0.1,0.1,100.0,0.4,1.1,1.5,0.3,0.2,0.0,0.5,1.9
Gorgui Dieng,19,8.4,2.3,0.8,2.1,37.5,0.2,0.9,23.5,0.5,0.7,64.3,1.0,2.5,3.5,0.7,0.3,0.3,0.6,4.8
Justise Winslow,15,8.1,2.1,0.9,2.6,35.9,0.1,0.5,12.5,0.1,0.3,50.0,0.5,1.7,2.1,0.9,0.4,0.3,0.9,3.1
Willie Cauley-Stein,18,9.8,1.9,0.9,1.9,45.7,0.1,0.1,50.0,0.1,0.1,50.0,0.7,1.4,2.1,0.5,0.3,0.2,0.4,3.5
Jordan McLaughlin,16,10.3,1.9,0.7,2.3,30.6,0.2,1.1,17.6,0.3,0.4,71.4,0.1,0.7,0.8,2.1,0.6,0.0,0.7,3.0
Payton Pritchard,18,8.8,1.7,0.6,2.6,21.3,0.4,1.7,23.3,0.2,0.2,100.0,0.3,0.8,1.1,1.1,0.0,0.1,0.7,1.3
Moses Moody,15,5.9,1.5,0.7,1.8,37.0,0.1,1.0,13.3,0.1,0.1,50.0,0.1,0.7,0.7,0.2,0.0,0.1,0.1,1.3